{
  "index_patterns": ["fanz-os-logs-*"],
  "settings": {
    "number_of_shards": 1,
    "number_of_replicas": 1,
    "index.refresh_interval": "5s",
    "index.codec": "best_compression",
    "index.lifecycle.name": "fanz-os-logs-policy"
  },
  "mappings": {
    "properties": {
      "@timestamp": {
        "type": "date"
      },
      "timestamp": {
        "type": "date"
      },
      "service": {
        "type": "keyword"
      },
      "environment": {
        "type": "keyword"
      },
      "platform": {
        "type": "keyword"
      },
      "level": {
        "type": "keyword"
      },
      "message": {
        "type": "text",
        "analyzer": "standard"
      },
      "logger": {
        "type": "keyword"
      },
      "user_id": {
        "type": "keyword"
      },
      "request_id": {
        "type": "keyword"
      },
      "correlation_id": {
        "type": "keyword"
      },
      "method": {
        "type": "keyword"
      },
      "uri": {
        "type": "keyword"
      },
      "status": {
        "type": "integer"
      },
      "response_time": {
        "type": "float"
      },
      "remote_addr": {
        "type": "ip"
      },
      "user_agent": {
        "type": "text"
      },
      "error": {
        "type": "object",
        "properties": {
          "type": {
            "type": "keyword"
          },
          "message": {
            "type": "text"
          },
          "stack": {
            "type": "text"
          }
        }
      },
      "business_context": {
        "type": "object",
        "properties": {
          "transaction_id": {
            "type": "keyword"
          },
          "payment_amount": {
            "type": "float"
          },
          "creator_id": {
            "type": "keyword"
          },
          "content_id": {
            "type": "keyword"
          },
          "stream_id": {
            "type": "keyword"
          }
        }
      }
    }
  }
}