{
  "dashboard": {
    "id": null,
    "title": "Fanz OS - Business Metrics",
    "tags": ["fanz-os", "business"],
    "style": "dark",
    "timezone": "browser",
    "refresh": "5m",
    "schemaVersion": 30,
    "version": 1,
    "time": {
      "from": "now-24h",
      "to": "now"
    },
    "panels": [
      {
        "id": 1,
        "title": "Active Users",
        "type": "stat",
        "targets": [
          {
            "expr": "active_users_total"
          }
        ],
        "fieldConfig": {
          "defaults": {
            "color": {
              "mode": "palette-classic"
            },
            "unit": "short"
          }
        },
        "gridPos": {
          "h": 6,
          "w": 6,
          "x": 0,
          "y": 0
        }
      },
      {
        "id": 2,
        "title": "Total Revenue (24h)",
        "type": "stat",
        "targets": [
          {
            "expr": "increase(payment_revenue_total[24h])"
          }
        ],
        "fieldConfig": {
          "defaults": {
            "color": {
              "mode": "palette-classic"
            },
            "unit": "currencyUSD"
          }
        },
        "gridPos": {
          "h": 6,
          "w": 6,
          "x": 6,
          "y": 0
        }
      },
      {
        "id": 3,
        "title": "New Subscriptions (24h)",
        "type": "stat",
        "targets": [
          {
            "expr": "increase(subscription_created_total[24h])"
          }
        ],
        "fieldConfig": {
          "defaults": {
            "color": {
              "mode": "palette-classic"
            },
            "unit": "short"
          }
        },
        "gridPos": {
          "h": 6,
          "w": 6,
          "x": 12,
          "y": 0
        }
      },
      {
        "id": 4,
        "title": "Content Created (24h)",
        "type": "stat",
        "targets": [
          {
            "expr": "increase(content_posts_created_total[24h])"
          }
        ],
        "fieldConfig": {
          "defaults": {
            "color": {
              "mode": "palette-classic"
            },
            "unit": "short"
          }
        },
        "gridPos": {
          "h": 6,
          "w": 6,
          "x": 18,
          "y": 0
        }
      },
      {
        "id": 5,
        "title": "Revenue Breakdown",
        "type": "piechart",
        "targets": [
          {
            "expr": "increase(payment_revenue_total{type=\"subscription\"}[24h])",
            "legendFormat": "Subscriptions"
          },
          {
            "expr": "increase(payment_revenue_total{type=\"tip\"}[24h])",
            "legendFormat": "Tips"
          },
          {
            "expr": "increase(payment_revenue_total{type=\"ppv\"}[24h])",
            "legendFormat": "Pay-Per-View"
          }
        ],
        "gridPos": {
          "h": 8,
          "w": 12,
          "x": 0,
          "y": 6
        }
      },
      {
        "id": 6,
        "title": "User Growth",
        "type": "graph",
        "targets": [
          {
            "expr": "increase(users_registered_total[1h])",
            "legendFormat": "New Users"
          },
          {
            "expr": "increase(users_verified_total[1h])",
            "legendFormat": "Verified Users"
          }
        ],
        "yAxes": [
          {
            "label": "users/hour"
          }
        ],
        "gridPos": {
          "h": 8,
          "w": 12,
          "x": 12,
          "y": 6
        }
      },
      {
        "id": 7,
        "title": "Content Engagement",
        "type": "graph",
        "targets": [
          {
            "expr": "rate(content_likes_total[5m])",
            "legendFormat": "Likes/sec"
          },
          {
            "expr": "rate(content_comments_total[5m])",
            "legendFormat": "Comments/sec"
          },
          {
            "expr": "rate(content_views_total[5m])",
            "legendFormat": "Views/sec"
          }
        ],
        "yAxes": [
          {
            "label": "events/sec"
          }
        ],
        "gridPos": {
          "h": 8,
          "w": 12,
          "x": 0,
          "y": 14
        }
      },
      {
        "id": 8,
        "title": "Streaming Metrics",
        "type": "graph",
        "targets": [
          {
            "expr": "streaming_active_streams",
            "legendFormat": "Active Streams"
          },
          {
            "expr": "streaming_total_viewers",
            "legendFormat": "Total Viewers"
          }
        ],
        "yAxes": [
          {
            "label": "count"
          }
        ],
        "gridPos": {
          "h": 8,
          "w": 12,
          "x": 12,
          "y": 14
        }
      },
      {
        "id": 9,
        "title": "Payment Success Rate",
        "type": "graph",
        "targets": [
          {
            "expr": "(sum(rate(payment_transactions_total{status=\"success\"}[5m])) / sum(rate(payment_transactions_total[5m]))) * 100"
          }
        ],
        "yAxes": [
          {
            "label": "success %",
            "max": 100,
            "min": 0
          }
        ],
        "gridPos": {
          "h": 8,
          "w": 12,
          "x": 0,
          "y": 22
        }
      },
      {
        "id": 10,
        "title": "Content Moderation",
        "type": "graph",
        "targets": [
          {
            "expr": "content_moderation_queue_size",
            "legendFormat": "Queue Size"
          },
          {
            "expr": "rate(content_moderation_processed_total[5m])",
            "legendFormat": "Processed/sec"
          }
        ],
        "gridPos": {
          "h": 8,
          "w": 12,
          "x": 12,
          "y": 22
        }
      }
    ]
  }
}