{
  "dashboard": {
    "id": null,
    "title": "Fanz OS - System Overview",
    "tags": ["fanz-os", "overview"],
    "style": "dark",
    "timezone": "browser",
    "refresh": "30s",
    "schemaVersion": 30,
    "version": 1,
    "time": {
      "from": "now-1h",
      "to": "now"
    },
    "timepicker": {},
    "templating": {
      "list": [
        {
          "name": "service",
          "type": "query",
          "query": "label_values(up, job)",
          "refresh": 1,
          "includeAll": true,
          "multi": true,
          "allValue": ".*"
        }
      ]
    },
    "panels": [
      {
        "id": 1,
        "title": "Service Status",
        "type": "stat",
        "targets": [
          {
            "expr": "up{job=~\"$service\"}"
          }
        ],
        "fieldConfig": {
          "defaults": {
            "color": {
              "mode": "thresholds"
            },
            "mappings": [
              {
                "options": {
                  "0": {
                    "text": "DOWN",
                    "color": "red"
                  },
                  "1": {
                    "text": "UP",
                    "color": "green"
                  }
                },
                "type": "value"
              }
            ],
            "thresholds": {
              "steps": [
                {
                  "color": "red",
                  "value": null
                },
                {
                  "color": "green",
                  "value": 1
                }
              ]
            }
          }
        },
        "gridPos": {
          "h": 8,
          "w": 24,
          "x": 0,
          "y": 0
        }
      },
      {
        "id": 2,
        "title": "Request Rate (req/sec)",
        "type": "graph",
        "targets": [
          {
            "expr": "sum(rate(http_requests_total{job=~\"$service\"}[5m])) by (job)"
          }
        ],
        "yAxes": [
          {
            "label": "requests/sec"
          }
        ],
        "gridPos": {
          "h": 8,
          "w": 12,
          "x": 0,
          "y": 8
        }
      },
      {
        "id": 3,
        "title": "Error Rate (%)",
        "type": "graph",
        "targets": [
          {
            "expr": "(sum(rate(http_requests_total{job=~\"$service\",code=~\"5..\"}[5m])) by (job) / sum(rate(http_requests_total{job=~\"$service\"}[5m])) by (job)) * 100"
          }
        ],
        "yAxes": [
          {
            "label": "error %",
            "max": 100,
            "min": 0
          }
        ],
        "gridPos": {
          "h": 8,
          "w": 12,
          "x": 12,
          "y": 8
        }
      },
      {
        "id": 4,
        "title": "Response Time (95th percentile)",
        "type": "graph",
        "targets": [
          {
            "expr": "histogram_quantile(0.95, sum(rate(http_request_duration_seconds_bucket{job=~\"$service\"}[5m])) by (le, job)) * 1000"
          }
        ],
        "yAxes": [
          {
            "label": "milliseconds"
          }
        ],
        "gridPos": {
          "h": 8,
          "w": 12,
          "x": 0,
          "y": 16
        }
      },
      {
        "id": 5,
        "title": "Database Connections",
        "type": "graph",
        "targets": [
          {
            "expr": "pg_stat_activity_count"
          }
        ],
        "yAxes": [
          {
            "label": "connections"
          }
        ],
        "gridPos": {
          "h": 8,
          "w": 12,
          "x": 12,
          "y": 16
        }
      },
      {
        "id": 6,
        "title": "Redis Memory Usage",
        "type": "graph",
        "targets": [
          {
            "expr": "redis_memory_used_bytes / 1024 / 1024"
          }
        ],
        "yAxes": [
          {
            "label": "MB"
          }
        ],
        "gridPos": {
          "h": 8,
          "w": 12,
          "x": 0,
          "y": 24
        }
      },
      {
        "id": 7,
        "title": "System Resources",
        "type": "graph",
        "targets": [
          {
            "expr": "100 - (avg(irate(node_cpu_seconds_total{mode=\"idle\"}[5m])) * 100)"
          },
          {
            "expr": "(1 - (node_memory_MemAvailable_bytes / node_memory_MemTotal_bytes)) * 100"
          }
        ],
        "yAxes": [
          {
            "label": "percentage",
            "max": 100,
            "min": 0
          }
        ],
        "gridPos": {
          "h": 8,
          "w": 12,
          "x": 12,
          "y": 24
        }
      }
    ]
  }
}