{
  "$schema": "https://json-schema.org/draft/2020-12/schema",
  "title": "fun.content.published",
  "type": "object",
  "properties": {
    "type": {
      "const": "fun.content.published"
    },
    "data": {
      "type": "object",
      "properties": {
        "contentId": {
          "type": "string"
        },
        "creatorId": {
          "type": "string"
        },
        "tenantId": {
          "type": "string"
        }
      },
      "required": [
        "contentId",
        "creatorId",
        "tenantId"
      ]
    }
  },
  "required": [
    "type",
    "data"
  ]
}
